{
	"credit": "Made with Blockbench",
	"texture_size": [128, 128],
	"textures": {
		"0": "mineademia:item/sharpshooter_3d",
		"particle": "mineademia:item/sharpshooter_3d"
	},
	"elements": [
		{
			"from": [7, 3, 0],
			"to": [9, 7, 2],
			"rotation": {"angle": 0, "axis": "y", "origin": [1, 0, 0]},
			"faces": {
				"north": {"uv": [1.75, 4, 2, 4.5], "texture": "#0"},
				"east": {"uv": [1.5, 4, 1.75, 4.5], "texture": "#0"},
				"south": {"uv": [2.25, 4, 2.5, 4.5], "texture": "#0"},
				"west": {"uv": [2, 4, 2.25, 4.5], "texture": "#0"},
				"up": {"uv": [2, 4, 1.75, 3.75], "texture": "#0"},
				"down": {"uv": [2.25, 3.75, 2, 4], "texture": "#0"}
			}
		},
		{
			"from": [7, 1, 1],
			"to": [9, 9, 3],
			"rotation": {"angle": 0, "axis": "y", "origin": [1, 0, 0]},
			"faces": {
				"north": {"uv": [0.25, 0.25, 0.5, 1.25], "texture": "#0"},
				"east": {"uv": [0, 0.25, 0.25, 1.25], "texture": "#0"},
				"south": {"uv": [0.75, 0.25, 1, 1.25], "texture": "#0"},
				"west": {"uv": [0.5, 0.25, 0.75, 1.25], "texture": "#0"},
				"up": {"uv": [0.5, 0.25, 0.25, 0], "texture": "#0"},
				"down": {"uv": [0.75, 0, 0.5, 0.25], "texture": "#0"}
			}
		},
		{
			"from": [7, 3, 14],
			"to": [9, 7, 16],
			"rotation": {"angle": 0, "axis": "y", "origin": [1, 0, 0]},
			"faces": {
				"north": {"uv": [5, 2, 5.25, 2.5], "texture": "#0"},
				"east": {"uv": [4.75, 2, 5, 2.5], "texture": "#0"},
				"south": {"uv": [5.5, 2, 5.75, 2.5], "texture": "#0"},
				"west": {"uv": [5.25, 2, 5.5, 2.5], "texture": "#0"},
				"up": {"uv": [5.25, 2, 5, 1.75], "texture": "#0"},
				"down": {"uv": [5.5, 1.75, 5.25, 2], "texture": "#0"}
			}
		},
		{
			"from": [7, 1, 13],
			"to": [9, 9, 15],
			"rotation": {"angle": 0, "axis": "y", "origin": [1, 0, 0]},
			"faces": {
				"north": {"uv": [0.25, 4, 0.5, 5], "texture": "#0"},
				"east": {"uv": [0, 4, 0.25, 5], "texture": "#0"},
				"south": {"uv": [0.75, 4, 1, 5], "texture": "#0"},
				"west": {"uv": [0.5, 4, 0.75, 5], "texture": "#0"},
				"up": {"uv": [0.5, 4, 0.25, 3.75], "texture": "#0"},
				"down": {"uv": [0.75, 3.75, 0.5, 4], "texture": "#0"}
			}
		},
		{
			"from": [5, 10, 0],
			"to": [11, 24, 1],
			"rotation": {"angle": 0, "axis": "y", "origin": [1, 0, 0]},
			"faces": {
				"north": {"uv": [0.125, 6.125, 0.875, 7.875], "texture": "#0"},
				"east": {"uv": [0, 6.125, 0.125, 7.875], "texture": "#0"},
				"south": {"uv": [1, 6.125, 1.75, 7.875], "texture": "#0"},
				"west": {"uv": [0.875, 6.125, 1, 7.875], "texture": "#0"},
				"up": {"uv": [0.875, 6.125, 0.125, 6], "texture": "#0"},
				"down": {"uv": [1.625, 6, 0.875, 6.125], "texture": "#0"}
			}
		},
		{
			"from": [5, 9, 1],
			"to": [11, 24, 2],
			"rotation": {"angle": 0, "axis": "y", "origin": [1, 0, 0]},
			"faces": {
				"north": {"uv": [2.875, 4.875, 3.625, 6.75], "texture": "#0"},
				"east": {"uv": [2.75, 4.875, 2.875, 6.75], "texture": "#0"},
				"south": {"uv": [3.75, 4.875, 4.5, 6.75], "texture": "#0"},
				"west": {"uv": [3.625, 4.875, 3.75, 6.75], "texture": "#0"},
				"up": {"uv": [3.625, 4.875, 2.875, 4.75], "texture": "#0"},
				"down": {"uv": [4.375, 4.75, 3.625, 4.875], "texture": "#0"}
			}
		},
		{
			"from": [5, 10, 15],
			"to": [11, 24, 16],
			"rotation": {"angle": 0, "axis": "y", "origin": [1, 0, 0]},
			"faces": {
				"north": {"uv": [6.375, 3.625, 7.125, 5.375], "texture": "#0"},
				"east": {"uv": [6.25, 3.625, 6.375, 5.375], "texture": "#0"},
				"south": {"uv": [7.25, 3.625, 8, 5.375], "texture": "#0"},
				"west": {"uv": [7.125, 3.625, 7.25, 5.375], "texture": "#0"},
				"up": {"uv": [7.125, 3.625, 6.375, 3.5], "texture": "#0"},
				"down": {"uv": [7.875, 3.5, 7.125, 3.625], "texture": "#0"}
			}
		},
		{
			"from": [5, 9, 14],
			"to": [11, 24, 15],
			"rotation": {"angle": 0, "axis": "y", "origin": [1, 0, 0]},
			"faces": {
				"north": {"uv": [4.625, 4.875, 5.375, 6.75], "texture": "#0"},
				"east": {"uv": [4.5, 4.875, 4.625, 6.75], "texture": "#0"},
				"south": {"uv": [5.5, 4.875, 6.25, 6.75], "texture": "#0"},
				"west": {"uv": [5.375, 4.875, 5.5, 6.75], "texture": "#0"},
				"up": {"uv": [5.375, 4.875, 4.625, 4.75], "texture": "#0"},
				"down": {"uv": [6.125, 4.75, 5.375, 4.875], "texture": "#0"}
			}
		},
		{
			"from": [5, 8, 2],
			"to": [11, 26, 14],
			"rotation": {"angle": 0, "axis": "y", "origin": [1, 0, 0]},
			"faces": {
				"north": {"uv": [1.5, 1.5, 2.25, 3.75], "texture": "#0"},
				"east": {"uv": [0, 1.5, 1.5, 3.75], "texture": "#0"},
				"south": {"uv": [3.75, 1.5, 4.5, 3.75], "texture": "#0"},
				"west": {"uv": [2.25, 1.5, 3.75, 3.75], "texture": "#0"},
				"up": {"uv": [2.25, 1.5, 1.5, 0], "texture": "#0"},
				"down": {"uv": [3, 0, 2.25, 1.5], "texture": "#0"}
			}
		},
		{
			"from": [5, 14, 14],
			"to": [11, 20, 15],
			"rotation": {"angle": -45, "axis": "x", "origin": [1, 0, 0]},
			"faces": {
				"north": {"uv": [3.125, 0.125, 3.875, 0.875], "texture": "#0"},
				"east": {"uv": [3, 0.125, 3.125, 0.875], "texture": "#0"},
				"south": {"uv": [4, 0.125, 4.75, 0.875], "texture": "#0"},
				"west": {"uv": [3.875, 0.125, 4, 0.875], "texture": "#0"},
				"up": {"uv": [3.875, 0.125, 3.125, 0], "texture": "#0"},
				"down": {"uv": [4.625, 0, 3.875, 0.125], "texture": "#0"}
			}
		},
		{
			"from": [10, 14, 15],
			"to": [11, 20, 23],
			"rotation": {"angle": -45, "axis": "x", "origin": [1, 0, 0]},
			"faces": {
				"north": {"uv": [5.5, 1, 5.625, 1.75], "texture": "#0"},
				"east": {"uv": [4.5, 1, 5.5, 1.75], "texture": "#0"},
				"south": {"uv": [6.625, 1, 6.75, 1.75], "texture": "#0"},
				"west": {"uv": [5.625, 1, 6.625, 1.75], "texture": "#0"},
				"up": {"uv": [5.625, 1, 5.5, 0], "texture": "#0"},
				"down": {"uv": [5.75, 0, 5.625, 1], "texture": "#0"}
			}
		},
		{
			"from": [5, 14, 15],
			"to": [6, 20, 22],
			"rotation": {"angle": -45, "axis": "x", "origin": [1, 0, 0]},
			"faces": {
				"north": {"uv": [6.25, 6.75, 6.375, 7.5], "texture": "#0"},
				"east": {"uv": [5.375, 6.75, 6.25, 7.5], "texture": "#0"},
				"south": {"uv": [7.25, 6.75, 7.375, 7.5], "texture": "#0"},
				"west": {"uv": [6.375, 6.75, 7.25, 7.5], "texture": "#0"},
				"up": {"uv": [6.375, 6.75, 6.25, 5.875], "texture": "#0"},
				"down": {"uv": [6.5, 5.875, 6.375, 6.75], "texture": "#0"}
			}
		},
		{
			"from": [5, 14, 22],
			"to": [11, 20, 23],
			"rotation": {"angle": -45, "axis": "x", "origin": [1, 0, 0]},
			"faces": {
				"north": {"uv": [5.875, 0.125, 6.625, 0.875], "texture": "#0"},
				"east": {"uv": [5.75, 0.125, 5.875, 0.875], "texture": "#0"},
				"south": {"uv": [6.75, 0.125, 7.5, 0.875], "texture": "#0"},
				"west": {"uv": [6.625, 0.125, 6.75, 0.875], "texture": "#0"},
				"up": {"uv": [6.625, 0.125, 5.875, 0], "texture": "#0"},
				"down": {"uv": [7.375, 0, 6.625, 0.125], "texture": "#0"}
			}
		},
		{
			"from": [5, 25, -4],
			"to": [11, 31, -3],
			"rotation": {"angle": 45, "axis": "x", "origin": [1, 0, 0]},
			"faces": {
				"north": {"uv": [3.625, 6.875, 4.375, 7.625], "texture": "#0"},
				"east": {"uv": [3.5, 6.875, 3.625, 7.625], "texture": "#0"},
				"south": {"uv": [4.5, 6.875, 5.25, 7.625], "texture": "#0"},
				"west": {"uv": [4.375, 6.875, 4.5, 7.625], "texture": "#0"},
				"up": {"uv": [4.375, 6.875, 3.625, 6.75], "texture": "#0"},
				"down": {"uv": [5.125, 6.75, 4.375, 6.875], "texture": "#0"}
			}
		},
		{
			"from": [5, 25, -12],
			"to": [11, 31, -11],
			"rotation": {"angle": 45, "axis": "x", "origin": [1, 0, 0]},
			"faces": {
				"north": {"uv": [7.125, 2.625, 7.875, 3.375], "texture": "#0"},
				"east": {"uv": [7, 2.625, 7.125, 3.375], "texture": "#0"},
				"south": {"uv": [8, 2.625, 8.75, 3.375], "texture": "#0"},
				"west": {"uv": [7.875, 2.625, 8, 3.375], "texture": "#0"},
				"up": {"uv": [7.875, 2.625, 7.125, 2.5], "texture": "#0"},
				"down": {"uv": [8.625, 2.5, 7.875, 2.625], "texture": "#0"}
			}
		},
		{
			"from": [10, 25, -11],
			"to": [11, 31, -3],
			"rotation": {"angle": 45, "axis": "x", "origin": [1, 0, 0]},
			"faces": {
				"north": {"uv": [5.75, 2.75, 5.875, 3.5], "texture": "#0"},
				"east": {"uv": [4.75, 2.75, 5.75, 3.5], "texture": "#0"},
				"south": {"uv": [6.875, 2.75, 7, 3.5], "texture": "#0"},
				"west": {"uv": [5.875, 2.75, 6.875, 3.5], "texture": "#0"},
				"up": {"uv": [5.875, 2.75, 5.75, 1.75], "texture": "#0"},
				"down": {"uv": [6, 1.75, 5.875, 2.75], "texture": "#0"}
			}
		},
		{
			"from": [5, 25, -11],
			"to": [6, 31, -4],
			"rotation": {"angle": 45, "axis": "x", "origin": [1, 0, 0]},
			"faces": {
				"north": {"uv": [6.875, 1.75, 7, 2.5], "texture": "#0"},
				"east": {"uv": [6, 1.75, 6.875, 2.5], "texture": "#0"},
				"south": {"uv": [7.875, 1.75, 8, 2.5], "texture": "#0"},
				"west": {"uv": [7, 1.75, 7.875, 2.5], "texture": "#0"},
				"up": {"uv": [7, 1.75, 6.875, 0.875], "texture": "#0"},
				"down": {"uv": [7.125, 0.875, 7, 1.75], "texture": "#0"}
			}
		},
		{
			"from": [5, 0, 2],
			"to": [11, 8, 3],
			"rotation": {"angle": 0, "axis": "y", "origin": [1, 0, 0]},
			"faces": {
				"north": {"uv": [6.625, 5.5, 7.375, 6.5], "texture": "#0"},
				"east": {"uv": [6.5, 5.5, 6.625, 6.5], "texture": "#0"},
				"south": {"uv": [7.5, 5.5, 8.25, 6.5], "texture": "#0"},
				"west": {"uv": [7.375, 5.5, 7.5, 6.5], "texture": "#0"},
				"up": {"uv": [7.375, 5.5, 6.625, 5.375], "texture": "#0"},
				"down": {"uv": [8.125, 5.375, 7.375, 5.5], "texture": "#0"}
			}
		},
		{
			"from": [10, 0, 2],
			"to": [11, 8, 14],
			"rotation": {"angle": 0, "axis": "y", "origin": [1, 0, 0]},
			"faces": {
				"north": {"uv": [4.5, 3.75, 4.625, 4.75], "texture": "#0"},
				"east": {"uv": [3, 3.75, 4.5, 4.75], "texture": "#0"},
				"south": {"uv": [6.125, 3.75, 6.25, 4.75], "texture": "#0"},
				"west": {"uv": [4.625, 3.75, 6.125, 4.75], "texture": "#0"},
				"up": {"uv": [4.625, 3.75, 4.5, 2.25], "texture": "#0"},
				"down": {"uv": [4.75, 2.25, 4.625, 3.75], "texture": "#0"}
			}
		},
		{
			"from": [5, 0, 3],
			"to": [6, 8, 13],
			"rotation": {"angle": 0, "axis": "y", "origin": [1, 0, 0]},
			"faces": {
				"north": {"uv": [1.25, 5, 1.375, 6], "texture": "#0"},
				"east": {"uv": [0, 5, 1.25, 6], "texture": "#0"},
				"south": {"uv": [2.625, 5, 2.75, 6], "texture": "#0"},
				"west": {"uv": [1.375, 5, 2.625, 6], "texture": "#0"},
				"up": {"uv": [1.375, 5, 1.25, 3.75], "texture": "#0"},
				"down": {"uv": [1.5, 3.75, 1.375, 5], "texture": "#0"}
			}
		},
		{
			"from": [5, 0, 13],
			"to": [11, 8, 14],
			"rotation": {"angle": 0, "axis": "y", "origin": [1, 0, 0]},
			"faces": {
				"north": {"uv": [1.875, 6.875, 2.625, 7.875], "texture": "#0"},
				"east": {"uv": [1.75, 6.875, 1.875, 7.875], "texture": "#0"},
				"south": {"uv": [2.75, 6.875, 3.5, 7.875], "texture": "#0"},
				"west": {"uv": [2.625, 6.875, 2.75, 7.875], "texture": "#0"},
				"up": {"uv": [2.625, 6.875, 1.875, 6.75], "texture": "#0"},
				"down": {"uv": [3.375, 6.75, 2.625, 6.875], "texture": "#0"}
			}
		}
	],
	"gui_light": "front",
	"display": {
		"thirdperson_righthand": {
			"rotation": [90, -180, 0],
			"translation": [3, -2.25, 2.5],
			"scale": [0.4, 0.4, 0.4]
		},
		"thirdperson_lefthand": {
			"rotation": [90, -180, 0],
			"translation": [4, -2.25, 2.5],
			"scale": [0.4, 0.4, 0.4]
		},
		"firstperson_righthand": {
			"rotation": [90, -180, 0],
			"translation": [4, -2.25, 2.5],
			"scale": [0.4, 0.4, 0.4]
		},
		"firstperson_lefthand": {
			"rotation": [90, -180, 0],
			"translation": [4, -2.25, 2.5],
			"scale": [0.4, 0.4, 0.4]
		},
		"ground": {
			"rotation": [-90, 0, 0],
			"scale": [0.5, 0.5, 0.5]
		},
		"gui": {
			"rotation": [0, -90, 0],
			"translation": [-0.25, -3.25, 0],
			"scale": [0.5, 0.5, 0.5]
		},
		"head": {
			"rotation": [90, 0, 0],
			"translation": [0, 10, -3.5],
			"scale": [0.5, 0.5, 0.5]
		},
		"fixed": {
			"rotation": [0, -90, 0],
			"translation": [0, -3.5, 0],
			"scale": [0.5, 0.5, 0.5]
		}
	}
}